letra,v1,v2,v3,v4,v5,v6,v7,v8,v9,v10,v11,v12,v13,v14,v15,v16,v17,v18,v19,v20,v21,v22,v23,v24,v25,v26,v27,v28,v29,v30,v31,v32,v33,v34,v35,v36,v37,v38,v39,v40,v41,v42
z,0.590855,1.000000,0.262720,0.918666,0.035876,0.760923,0.070927,0.621074,0.197112,0.503719,0.206339,0.443206,0.153479,0.212960,0.079731,0.094229,0.000000,0.000000,0.514580,0.452027,0.368849,0.416569,0.308170,0.586236,0.325074,0.690067,0.778030,0.511801,0.545602,0.558974,0.469292,0.722006,0.495426,0.790749,1.000000,0.599671,0.769443,0.646338,0.670555,0.757462,0.692332,0.797798
z,0.571855,1.000000,0.247374,0.916084,0.021926,0.766035,0.057090,0.627902,0.196656,0.514549,0.190235,0.450270,0.139237,0.216016,0.073145,0.094938,0.000000,0.000000,0.501542,0.457489,0.363368,0.431481,0.299543,0.589872,0.301500,0.698021,0.768118,0.517015,0.544617,0.569798,0.465971,0.728189,0.475931,0.809944,1.000000,0.602844,0.785156,0.647249,0.676676,0.756951,0.676670,0.811056
z,0.578164,1.000000,0.246665,0.922464,0.004615,0.763961,0.060439,0.625665,0.203412,0.521318,0.205082,0.443368,0.165258,0.211277,0.091429,0.091693,0.000000,0.000000,0.512528,0.461959,0.350258,0.423534,0.279383,0.580077,0.287347,0.684453,0.773502,0.525982,0.540170,0.559972,0.450404,0.721520,0.463469,0.806605,1.000000,0.616388,0.786912,0.634205,0.653070,0.747632,0.637484,0.810410
z,0.568222,1.000000,0.250040,0.922085,0.015387,0.770693,0.043231,0.640424,0.176042,0.530336,0.198478,0.445811,0.164414,0.215895,0.091531,0.092845,0.000000,0.000000,0.506978,0.457597,0.318203,0.439997,0.266089,0.620289,0.302671,0.724702,0.768058,0.520797,0.540197,0.544203,0.472529,0.711567,0.508944,0.785349,1.000000,0.613212,0.777689,0.641204,0.670873,0.755034,0.682357,0.800955
z,0.596715,1.000000,0.262171,0.939317,0.000000,0.791756,0.016968,0.655196,0.182488,0.556887,0.198811,0.445093,0.164391,0.218850,0.099692,0.092615,0.018059,0.000000,0.508209,0.454413,0.348675,0.452680,0.298410,0.603207,0.322696,0.696955,0.770048,0.525256,0.530502,0.589335,0.456530,0.747560,0.484188,0.826073,1.000000,0.626780,0.768715,0.668292,0.650270,0.782248,0.650897,0.841762
z,0.591889,1.000000,0.239527,0.912627,0.000686,0.750381,0.026341,0.611581,0.148877,0.498330,0.190407,0.449813,0.146170,0.213307,0.077020,0.092522,0.000000,0.000000,0.497789,0.475271,0.349761,0.425184,0.289566,0.584942,0.309863,0.688043,0.764910,0.539801,0.535204,0.556261,0.461435,0.719202,0.493997,0.795893,1.000000,0.627883,0.772652,0.635305,0.660078,0.753114,0.673904,0.810797
z,0.590325,1.000000,0.241088,0.911777,0.017534,0.752249,0.061942,0.610336,0.174397,0.492725,0.196583,0.449612,0.149681,0.214286,0.080073,0.091810,0.000000,0.000000,0.505817,0.469766,0.362361,0.424543,0.295343,0.590428,0.306550,0.703627,0.769120,0.533879,0.543082,0.550406,0.459919,0.715085,0.479334,0.801708,1.000000,0.622760,0.779029,0.634206,0.662739,0.747053,0.665393,0.806654
z,0.581302,1.000000,0.242693,0.915952,0.000000,0.757506,0.034332,0.615905,0.169726,0.499268,0.190627,0.457080,0.147801,0.218879,0.085628,0.094711,0.011651,0.000000,0.501589,0.479172,0.353537,0.423880,0.297573,0.587088,0.308504,0.693313,0.767746,0.540135,0.547693,0.547657,0.474470,0.713508,0.490062,0.795504,1.000000,0.626094,0.772263,0.634694,0.654642,0.752618,0.647433,0.809788
z,0.567986,1.000000,0.230754,0.913864,0.000923,0.747597,0.063590,0.602799,0.185302,0.491515,0.203537,0.442896,0.158681,0.218487,0.087865,0.096063,0.000000,0.000000,0.513666,0.465090,0.336307,0.433877,0.271304,0.611637,0.297510,0.723156,0.772686,0.531259,0.542740,0.540962,0.444353,0.710986,0.460302,0.795752,1.000000,0.623406,0.791848,0.611916,0.648014,0.730628,0.628682,0.796171
z,0.575967,1.000000,0.239894,0.916848,0.000000,0.758210,0.045997,0.616030,0.173010,0.497192,0.185584,0.450936,0.137648,0.223170,0.076539,0.099942,0.004734,0.000000,0.501260,0.468552,0.350162,0.422368,0.280178,0.590755,0.286244,0.698162,0.767484,0.530187,0.547942,0.543376,0.461299,0.712359,0.476577,0.793643,1.000000,0.618822,0.776973,0.629022,0.652153,0.749116,0.649361,0.806141
z,0.575366,1.000000,0.226878,0.918031,0.000000,0.761284,0.056316,0.621648,0.169694,0.505370,0.183837,0.454421,0.155833,0.222368,0.096255,0.096704,0.023190,0.000000,0.494013,0.472931,0.347510,0.441672,0.274415,0.601577,0.284564,0.701899,0.760562,0.537550,0.535751,0.565728,0.441662,0.724496,0.460034,0.800408,1.000000,0.626258,0.794273,0.642887,0.655227,0.753333,0.637992,0.810086
z,0.567855,1.000000,0.227511,0.916350,0.000000,0.751750,0.061243,0.609465,0.184682,0.497907,0.194973,0.451338,0.162855,0.224141,0.106140,0.099565,0.034666,0.000000,0.502160,0.476003,0.375393,0.431953,0.305414,0.599444,0.314273,0.709566,0.764078,0.542016,0.561320,0.545013,0.459617,0.713363,0.468587,0.799964,1.000000,0.631727,0.803693,0.627359,0.658429,0.744251,0.637763,0.808107
z,0.589238,1.000000,0.240584,0.919543,0.000000,0.763961,0.041217,0.622512,0.162935,0.504656,0.178261,0.459232,0.140640,0.222615,0.083180,0.096886,0.011239,0.000000,0.490497,0.472602,0.338277,0.445507,0.279097,0.612576,0.296031,0.716801,0.758883,0.531226,0.533493,0.558511,0.451290,0.720858,0.471751,0.798060,1.000000,0.614378,0.785359,0.638303,0.662157,0.752665,0.657134,0.806661
z,0.549528,1.000000,0.219363,0.916673,0.000000,0.763540,0.048346,0.630729,0.146810,0.514400,0.188574,0.460993,0.148982,0.227251,0.090462,0.098484,0.013573,0.000000,0.493387,0.483148,0.335944,0.437798,0.258769,0.608111,0.263903,0.724157,0.759320,0.546567,0.530169,0.555147,0.435991,0.722126,0.445383,0.810491,1.000000,0.633600,0.797897,0.629699,0.667011,0.743185,0.651063,0.806531
z,0.577886,1.000000,0.247603,0.922914,0.000000,0.769561,0.043099,0.630154,0.175692,0.516807,0.199850,0.468551,0.144436,0.236661,0.086406,0.106698,0.017130,0.000000,0.509517,0.484140,0.338967,0.447417,0.285723,0.619130,0.307967,0.724875,0.770974,0.543092,0.543047,0.559238,0.467943,0.720944,0.486913,0.799775,1.000000,0.628571,0.785559,0.632154,0.664140,0.744804,0.651347,0.801639
z,0.538583,1.000000,0.233733,0.938107,0.000000,0.796828,0.057191,0.662436,0.183430,0.553088,0.168465,0.485544,0.122758,0.260585,0.068818,0.116352,0.003146,0.000000,0.487686,0.496526,0.340845,0.454106,0.271528,0.623744,0.284155,0.729361,0.761687,0.556985,0.549054,0.578834,0.451799,0.745160,0.463261,0.825627,1.000000,0.644523,0.797070,0.646402,0.659903,0.764829,0.648411,0.822011
y,0.922055,1.000000,0.623723,0.954017,0.352888,0.804178,0.156239,0.689438,0.000000,0.637900,0.515484,0.524267,0.480391,0.348719,0.519212,0.529418,0.535420,0.608961,0.681216,0.492565,0.667519,0.361441,0.682653,0.578453,0.671109,0.627971,0.840344,0.479912,0.840648,0.361475,0.841183,0.549253,0.833203,0.628232,1.000000,0.470330,0.957301,0.268800,0.900814,0.141183,0.862795,0.000000
x,1.000000,1.000000,0.642634,0.884135,0.392387,0.713756,0.172486,0.586686,0.000000,0.514308,0.608721,0.321105,0.446893,0.073980,0.274715,0.002122,0.155650,0.000000,0.630315,0.354983,0.122402,0.419617,0.149109,0.582147,0.267663,0.637334,0.604308,0.456544,0.165261,0.614898,0.266985,0.742696,0.389790,0.737670,0.561115,0.585625,0.268271,0.754313,0.358111,0.857939,0.467987,0.843150
x,1.000000,1.000000,0.628416,0.902491,0.383205,0.736295,0.167879,0.608763,0.000000,0.520508,0.596900,0.329383,0.454865,0.064198,0.255658,0.000000,0.113692,0.014366,0.635018,0.359984,0.125752,0.420947,0.140521,0.583780,0.260782,0.637898,0.614763,0.459360,0.168163,0.620085,0.259672,0.750004,0.379588,0.745223,0.566053,0.586193,0.260843,0.754657,0.347885,0.859541,0.457172,0.845287
x,1.000000,1.000000,0.623753,0.905639,0.375533,0.741515,0.164161,0.611677,0.000000,0.517213,0.600133,0.326992,0.463499,0.060489,0.264199,0.000000,0.124222,0.016029,0.637665,0.358513,0.127531,0.410678,0.147452,0.574778,0.271287,0.628129,0.620780,0.460122,0.168625,0.617504,0.258719,0.746896,0.379476,0.737516,0.577930,0.588473,0.266361,0.757785,0.352553,0.862971,0.463045,0.844948
x,1.000000,1.000000,0.672940,0.880480,0.419699,0.721239,0.183271,0.624496,0.000000,0.559143,0.591519,0.321673,0.458298,0.050788,0.241443,0.000000,0.099280,0.043365,0.634429,0.368439,0.113452,0.437910,0.138772,0.602313,0.273001,0.639745,0.617827,0.482144,0.162863,0.643786,0.263194,0.769282,0.387827,0.744871,0.573738,0.623465,0.265878,0.799089,0.359501,0.897294,0.469318,0.872301
x,1.000000,1.000000,0.750319,0.854401,0.482508,0.705763,0.202698,0.617579,0.000000,0.550201,0.634081,0.352860,0.511384,0.082785,0.292940,0.000000,0.142491,0.000630,0.685660,0.403579,0.137771,0.460566,0.153871,0.628648,0.287147,0.678887,0.679512,0.520842,0.187440,0.674027,0.283265,0.801049,0.423476,0.785165,0.639448,0.659492,0.281357,0.825403,0.370878,0.922314,0.493320,0.896493
x,1.000000,1.000000,0.772739,0.839880,0.503031,0.664344,0.217403,0.585768,0.000000,0.549657,0.649356,0.351789,0.527636,0.079067,0.319386,0.000000,0.169644,0.015057,0.662142,0.398794,0.155678,0.448016,0.181423,0.596380,0.309273,0.645843,0.630313,0.512217,0.180478,0.647734,0.277053,0.762241,0.401986,0.748129,0.585135,0.647424,0.263830,0.799851,0.358871,0.895068,0.473728,0.874359
x,1.000000,1.000000,0.833061,0.805172,0.557208,0.650643,0.231716,0.602220,0.000000,0.597975,0.668379,0.362645,0.553884,0.083491,0.347920,0.001119,0.192728,0.000000,0.675222,0.416325,0.165850,0.461317,0.195040,0.624785,0.321249,0.678511,0.643979,0.540280,0.189960,0.677445,0.301209,0.799312,0.438283,0.786105,0.595500,0.682333,0.273607,0.841510,0.374093,0.936062,0.494121,0.911151
x,1.000000,1.000000,0.887073,0.800767,0.586389,0.643282,0.240559,0.631537,0.000000,0.628911,0.677920,0.396627,0.569055,0.107522,0.373922,0.012478,0.221058,0.000000,0.649579,0.469390,0.143480,0.485394,0.181394,0.618075,0.310481,0.663798,0.596528,0.609691,0.143107,0.718610,0.262672,0.817990,0.395838,0.792602,0.538717,0.763004,0.206057,0.886322,0.317193,0.966415,0.439500,0.934263
w,0.995705,1.000000,0.738988,0.925306,0.548496,0.763870,0.637321,0.593902,0.786985,0.476057,0.410081,0.535822,0.221869,0.344513,0.108788,0.226742,0.000000,0.130326,0.596419,0.480961,0.445287,0.255669,0.340208,0.112006,0.246298,0.000000,0.795189,0.495237,0.743096,0.275990,0.683702,0.134196,0.627773,0.011368,1.000000,0.557593,0.919932,0.504207,0.846394,0.545554,0.789428,0.586475
v,0.885565,1.000000,0.664629,0.943287,0.485922,0.825087,0.489054,0.720556,0.545115,0.620033,0.422616,0.560942,0.220614,0.388782,0.099076,0.279466,0.000000,0.184367,0.619123,0.534550,0.577082,0.286252,0.555534,0.127831,0.548785,0.000000,0.820114,0.571525,0.736401,0.499343,0.718489,0.649919,0.738079,0.749348,1.000000,0.646053,0.901148,0.573581,0.856070,0.680785,0.856305,0.770147
v,0.852625,1.000000,0.656070,0.969197,0.488657,0.873672,0.509685,0.771755,0.569062,0.669058,0.397183,0.571282,0.199364,0.393189,0.087444,0.276287,0.000000,0.174560,0.607412,0.543334,0.578745,0.293023,0.553009,0.131747,0.535062,0.000000,0.810202,0.581972,0.728958,0.522199,0.712308,0.691038,0.734877,0.795851,1.000000,0.659388,0.906380,0.604154,0.855811,0.726451,0.848103,0.818478
u,0.560158,1.000000,0.250990,0.914237,0.105073,0.744458,0.203877,0.583692,0.254277,0.450263,0.122349,0.550904,0.039332,0.319758,0.007077,0.175268,0.000000,0.050880,0.405296,0.548844,0.304282,0.305146,0.231222,0.139616,0.206690,0.000000,0.710639,0.589266,0.680596,0.494505,0.629774,0.665568,0.628680,0.793410,1.000000,0.661020,0.934463,0.593260,0.876521,0.714826,0.879883,0.812358
u,0.656130,1.000000,0.264300,0.907323,0.091223,0.714445,0.196358,0.537240,0.251093,0.409324,0.117975,0.538161,0.035927,0.322929,0.006815,0.189808,0.000000,0.074631,0.401031,0.533110,0.295688,0.288953,0.226510,0.131743,0.208413,0.000000,0.705411,0.569997,0.595120,0.456678,0.549568,0.626807,0.564072,0.748425,1.000000,0.633438,0.841543,0.547680,0.789611,0.673271,0.817781,0.764257
u,0.666236,1.000000,0.265348,0.904099,0.086957,0.712933,0.189248,0.538410,0.241197,0.412768,0.120115,0.540104,0.040492,0.331239,0.009450,0.198618,0.000000,0.083447,0.404171,0.533927,0.298232,0.292847,0.228990,0.134743,0.212273,0.000000,0.705510,0.570148,0.595372,0.451528,0.551417,0.619525,0.568653,0.737732,1.000000,0.632347,0.832979,0.546357,0.783937,0.669706,0.815392,0.756399
u,0.653861,1.000000,0.255856,0.904298,0.086682,0.715614,0.196294,0.540330,0.269615,0.418378,0.123023,0.548296,0.043554,0.335827,0.012599,0.205175,0.000000,0.091456,0.404339,0.542138,0.305552,0.296358,0.223444,0.136376,0.184902,0.000000,0.706924,0.578174,0.597977,0.462067,0.559162,0.632479,0.577322,0.753948,1.000000,0.640131,0.839775,0.555194,0.798423,0.678915,0.837698,0.766878
u,0.662076,1.000000,0.242634,0.907248,0.058104,0.707276,0.169010,0.530529,0.224000,0.407792,0.105238,0.532612,0.021172,0.318922,0.000000,0.183024,0.003510,0.066845,0.391102,0.529351,0.268885,0.285977,0.198068,0.131391,0.177481,0.000000,0.700420,0.564989,0.585376,0.444903,0.533567,0.610045,0.544370,0.730515,1.000000,0.625143,0.838888,0.538273,0.783250,0.658167,0.809633,0.746127
u,0.679705,1.000000,0.247773,0.901297,0.057463,0.698634,0.164990,0.517471,0.220829,0.390184,0.104515,0.540147,0.022734,0.329736,0.000000,0.194732,0.006640,0.076171,0.393470,0.532117,0.273231,0.291834,0.208580,0.135766,0.200623,0.000000,0.700617,0.561943,0.599306,0.437485,0.554416,0.603256,0.569723,0.723962,1.000000,0.615270,0.849262,0.522908,0.790132,0.644670,0.812076,0.734499
u,0.678776,1.000000,0.264660,0.903740,0.073088,0.704765,0.172297,0.528148,0.236694,0.401015,0.118214,0.539600,0.033720,0.330888,0.003421,0.197750,0.000000,0.082191,0.404124,0.532536,0.293645,0.290846,0.232159,0.134359,0.228781,0.000000,0.708153,0.565232,0.597922,0.448560,0.540456,0.610666,0.546810,0.725777,1.000000,0.623461,0.831774,0.532051,0.770609,0.653603,0.789281,0.741536
u,0.667113,1.000000,0.234990,0.898083,0.047378,0.688725,0.169762,0.513301,0.235921,0.391192,0.119223,0.541154,0.033886,0.331612,0.002533,0.196579,0.000000,0.078387,0.400136,0.531887,0.284202,0.294005,0.206601,0.138376,0.182865,0.000000,0.702669,0.560766,0.578282,0.423449,0.523130,0.589155,0.538460,0.708857,1.000000,0.615881,0.823855,0.520025,0.766322,0.635224,0.792529,0.718771
u,0.690930,1.000000,0.240230,0.900066,0.040437,0.694752,0.148168,0.515630,0.209091,0.389755,0.103714,0.538257,0.022316,0.327881,0.000000,0.193973,0.003861,0.077670,0.392436,0.529638,0.297365,0.289830,0.243422,0.132345,0.248621,0.000000,0.697181,0.558917,0.600599,0.437707,0.540955,0.596812,0.548848,0.714302,1.000000,0.611377,0.846355,0.512082,0.782656,0.632815,0.801665,0.723563
u,0.654068,1.000000,0.230824,0.897028,0.047208,0.692484,0.154708,0.518804,0.216261,0.392522,0.114357,0.535025,0.025180,0.325215,0.000000,0.191445,0.001266,0.076944,0.402190,0.526946,0.294594,0.287511,0.230255,0.131260,0.223882,0.000000,0.705003,0.559283,0.579367,0.435310,0.519008,0.591407,0.523139,0.705872,1.000000,0.615298,0.823276,0.513271,0.763640,0.631716,0.782827,0.721914
u,0.657595,1.000000,0.212757,0.915839,0.011387,0.708760,0.122138,0.534811,0.206332,0.408346,0.099582,0.561250,0.018758,0.356011,0.000000,0.220528,0.002617,0.101976,0.389046,0.550380,0.281627,0.301422,0.216475,0.140492,0.206262,0.000000,0.696270,0.582003,0.562772,0.436482,0.505628,0.601813,0.517081,0.723725,1.000000,0.641309,0.815861,0.534599,0.747416,0.659947,0.764093,0.757389
u,0.618333,1.000000,0.186021,0.929672,0.000000,0.706860,0.115587,0.516072,0.175521,0.373070,0.098042,0.549765,0.025543,0.330995,0.008180,0.183747,0.011031,0.054938,0.397121,0.533013,0.291985,0.300473,0.210250,0.140225,0.179441,0.000000,0.701824,0.563837,0.572151,0.413710,0.524782,0.589978,0.545344,0.724844,1.000000,0.621877,0.827292,0.524157,0.760056,0.651449,0.781238,0.753801
u,0.526971,1.000000,0.184683,0.950308,0.000000,0.721489,0.114529,0.515775,0.197628,0.367759,0.127070,0.562009,0.057068,0.344940,0.027836,0.184040,0.022933,0.042805,0.402013,0.556911,0.320092,0.323003,0.260485,0.151159,0.256313,0.000000,0.705599,0.595743,0.628186,0.466638,0.557420,0.639572,0.558064,0.780078,1.000000,0.660425,0.865279,0.560673,0.791127,0.688626,0.802692,0.802392
u,0.739632,1.000000,0.241144,0.865649,0.032862,0.653586,0.140336,0.463738,0.216504,0.337076,0.147731,0.523172,0.044371,0.327363,0.014550,0.204161,0.000000,0.089339,0.403856,0.503239,0.275973,0.263429,0.179405,0.125163,0.130061,0.000000,0.689094,0.521936,0.572105,0.342657,0.524435,0.499436,0.546034,0.626491,1.000000,0.571755,0.840822,0.441281,0.772071,0.561569,0.796763,0.665385
t,0.838443,1.000000,0.460403,0.902054,0.172965,0.579532,0.100765,0.261108,0.098342,0.000000,0.206600,0.171387,0.000000,0.113114,0.080841,0.322029,0.171687,0.478273,0.460947,0.098270,0.280713,0.123114,0.362299,0.414153,0.433292,0.554730,0.733336,0.102509,0.564339,0.190110,0.624300,0.496919,0.688464,0.629981,1.000000,0.162585,0.817659,0.230553,0.837397,0.463727,0.904431,0.557287
t,0.835878,1.000000,0.470086,0.926444,0.162881,0.597995,0.080689,0.271306,0.099310,0.000000,0.207035,0.166251,0.000000,0.104748,0.102767,0.336100,0.202878,0.482399,0.468647,0.082959,0.311048,0.137826,0.401891,0.448763,0.459366,0.559601,0.737732,0.087002,0.590141,0.211633,0.643326,0.532667,0.686709,0.629196,1.000000,0.145476,0.852971,0.246573,0.843987,0.487776,0.873641,0.562535
t,0.869782,1.000000,0.505029,0.951878,0.207623,0.623383,0.149521,0.280273,0.193544,0.000000,0.220223,0.221347,0.000000,0.140501,0.125467,0.377522,0.246601,0.540958,0.472826,0.120139,0.348093,0.185811,0.446231,0.484083,0.499594,0.585652,0.739335,0.117319,0.626396,0.244726,0.675380,0.549537,0.718672,0.632353,1.000000,0.169051,0.878181,0.300963,0.873763,0.535285,0.909720,0.595428
t,0.817905,1.000000,0.473500,0.929931,0.180523,0.604919,0.114946,0.273761,0.158052,0.000000,0.216981,0.192045,0.000000,0.147533,0.106618,0.379370,0.216065,0.525765,0.475294,0.113068,0.322597,0.193856,0.415530,0.487823,0.475624,0.576090,0.741143,0.123847,0.600847,0.260212,0.650419,0.553541,0.695979,0.616508,1.000000,0.184879,0.853700,0.292162,0.850356,0.518546,0.891908,0.571594
t,0.827427,1.000000,0.452735,0.941371,0.137310,0.613302,0.062162,0.267579,0.091203,0.000000,0.211218,0.174457,0.000000,0.097484,0.111461,0.351304,0.218576,0.513702,0.470214,0.085123,0.314921,0.145318,0.414114,0.461237,0.482872,0.557408,0.737259,0.087621,0.601748,0.221377,0.654420,0.539731,0.711443,0.622953,1.000000,0.142919,0.859809,0.263376,0.850441,0.500893,0.890607,0.563588
t,0.738730,1.000000,0.361305,0.894462,0.102149,0.563708,0.082950,0.255895,0.115005,0.000000,0.209088,0.236242,0.000000,0.157463,0.050825,0.364164,0.142143,0.524122,0.474292,0.191496,0.304944,0.206937,0.351373,0.487514,0.417248,0.613841,0.741782,0.215606,0.573023,0.261247,0.582363,0.542307,0.630343,0.648673,1.000000,0.284356,0.836632,0.282998,0.794263,0.490131,0.821759,0.574963
s,0.790829,1.000000,0.312625,0.832716,0.011349,0.549251,0.000000,0.270409,0.263972,0.187441,0.185818,0.299641,0.006170,0.093147,0.083350,0.318858,0.204611,0.416407,0.424710,0.257337,0.261600,0.045298,0.350132,0.334469,0.477014,0.440486,0.693380,0.227146,0.525918,0.048516,0.578428,0.337129,0.693045,0.464959,1.000000,0.221217,0.810146,0.000000,0.795180,0.185137,0.880189,0.310120
s,0.788939,1.000000,0.310857,0.819356,0.006911,0.543696,0.000000,0.273387,0.254815,0.196913,0.198702,0.290775,0.006992,0.093957,0.082268,0.317207,0.214209,0.418846,0.431311,0.249271,0.258343,0.052935,0.349088,0.339663,0.485355,0.443246,0.695338,0.218556,0.519100,0.056363,0.579260,0.345872,0.701367,0.468410,1.000000,0.215533,0.812476,0.000000,0.798564,0.192626,0.885566,0.317308
s,0.803470,1.000000,0.321041,0.827638,0.008777,0.546975,0.000000,0.271626,0.259773,0.194777,0.188675,0.293715,0.004404,0.098649,0.081468,0.325978,0.208873,0.422392,0.424434,0.250349,0.256678,0.061453,0.348260,0.347531,0.482144,0.436543,0.692679,0.218218,0.515438,0.056350,0.579365,0.346180,0.701792,0.456486,1.000000,0.212459,0.801289,0.000000,0.795451,0.200953,0.891050,0.323563
s,0.805396,1.000000,0.328598,0.819519,0.018439,0.537378,0.000000,0.263734,0.250301,0.181655,0.205777,0.293947,0.020475,0.090900,0.101568,0.324629,0.226391,0.424059,0.437575,0.252661,0.271535,0.051165,0.364792,0.341804,0.493215,0.438312,0.700236,0.221084,0.524927,0.050153,0.591171,0.343970,0.709970,0.463520,1.000000,0.215242,0.806146,0.000000,0.807379,0.199737,0.903405,0.322539
s,0.800266,1.000000,0.298966,0.826297,0.000000,0.526260,0.012491,0.254510,0.274445,0.177817,0.177952,0.294649,0.015003,0.079465,0.096990,0.315832,0.208529,0.430926,0.417757,0.251352,0.270814,0.032608,0.359602,0.328043,0.480704,0.443771,0.692530,0.221488,0.537843,0.039899,0.587063,0.330004,0.693637,0.459570,1.000000,0.216316,0.822201,0.000000,0.808240,0.191841,0.895608,0.316396
s,0.779901,1.000000,0.295590,0.818488,0.010353,0.543093,0.000000,0.267468,0.231155,0.174069,0.185743,0.288498,0.024973,0.075860,0.083017,0.289357,0.196089,0.394743,0.423522,0.253197,0.278276,0.039677,0.349481,0.312723,0.467103,0.420706,0.694272,0.227595,0.534355,0.038664,0.574830,0.317801,0.680027,0.449789,1.000000,0.228801,0.814183,0.000000,0.793675,0.188559,0.870332,0.322292
s,0.782946,1.000000,0.301806,0.802705,0.011693,0.523600,0.000000,0.252106,0.228423,0.170940,0.190295,0.272862,0.030305,0.070290,0.095127,0.285379,0.211089,0.397552,0.425122,0.235098,0.281579,0.036957,0.364574,0.318317,0.485072,0.431165,0.693918,0.208447,0.531676,0.045272,0.590886,0.328011,0.698467,0.452636,1.000000,0.210445,0.815177,0.000000,0.813496,0.190566,0.902184,0.312696
s,0.787628,1.000000,0.304609,0.824159,0.000000,0.535806,0.000371,0.253118,0.264376,0.178104,0.172395,0.284181,0.013643,0.062148,0.081548,0.284786,0.189217,0.382491,0.416113,0.246077,0.275617,0.035812,0.355681,0.319311,0.470924,0.413163,0.690547,0.219064,0.536518,0.038265,0.586573,0.323163,0.690943,0.437558,1.000000,0.217873,0.820191,0.000000,0.814846,0.193363,0.901756,0.314159
s,0.786305,1.000000,0.290679,0.808138,0.000000,0.512697,0.004289,0.234710,0.254040,0.179638,0.189139,0.281843,0.033196,0.079134,0.090773,0.302070,0.197272,0.418125,0.425555,0.243622,0.282441,0.042610,0.356654,0.321482,0.477128,0.434487,0.694794,0.218334,0.535562,0.044433,0.576453,0.320028,0.685333,0.448155,1.000000,0.217850,0.819607,0.000000,0.801166,0.182660,0.889446,0.305425
s,0.790764,1.000000,0.303435,0.816839,0.000000,0.529413,0.024111,0.259080,0.267430,0.179345,0.187999,0.290050,0.004372,0.059667,0.086215,0.299391,0.198410,0.404486,0.429570,0.248696,0.272407,0.025055,0.355361,0.330914,0.471586,0.437543,0.698589,0.218268,0.532603,0.034124,0.581000,0.335873,0.687533,0.458811,1.000000,0.215887,0.831936,0.000000,0.818645,0.193027,0.906785,0.310391
s,0.761479,1.000000,0.269781,0.786572,0.000000,0.484983,0.040018,0.217329,0.273375,0.141127,0.197521,0.273364,0.063896,0.021368,0.113596,0.248540,0.200805,0.380942,0.436158,0.250798,0.318112,0.000000,0.385206,0.282461,0.488679,0.417270,0.705420,0.232969,0.568416,0.020987,0.606447,0.298181,0.704752,0.441939,1.000000,0.236792,0.845639,0.004059,0.833028,0.185405,0.920182,0.312788
r,0.819810,1.000000,0.426326,0.909071,0.203939,0.719802,0.277001,0.542488,0.404762,0.412624,0.267873,0.535258,0.106743,0.310780,0.034034,0.168497,0.000000,0.042854,0.494517,0.520349,0.304836,0.272549,0.186944,0.126772,0.132249,0.000000,0.747987,0.541653,0.563570,0.416742,0.535182,0.567611,0.585848,0.673426,1.000000,0.594314,0.760371,0.500561,0.706807,0.623097,0.753249,0.714641
r,0.811830,1.000000,0.420787,0.904241,0.185062,0.712698,0.257693,0.523187,0.404235,0.385893,0.217899,0.533984,0.080483,0.294221,0.023476,0.141086,0.000000,0.006792,0.458680,0.522060,0.272032,0.273757,0.144653,0.125998,0.078482,0.000000,0.731512,0.540569,0.572736,0.410710,0.554622,0.572396,0.599921,0.695039,1.000000,0.585845,0.771110,0.482047,0.737485,0.604114,0.789266,0.701478
r,0.812572,1.000000,0.410724,0.917584,0.172796,0.719284,0.261538,0.528973,0.396922,0.395173,0.206292,0.540270,0.074794,0.309663,0.019782,0.162239,0.000000,0.033471,0.451102,0.527515,0.244512,0.277005,0.096017,0.127894,0.016406,0.000000,0.726543,0.546687,0.563566,0.419715,0.557015,0.583788,0.612151,0.703480,1.000000,0.593851,0.757321,0.492321,0.729805,0.620882,0.791321,0.721355
r,0.808545,1.000000,0.415748,0.903735,0.184146,0.708793,0.263891,0.519083,0.422113,0.381728,0.212660,0.536923,0.075147,0.300785,0.021683,0.149680,0.000000,0.017078,0.455587,0.522945,0.264523,0.273515,0.132547,0.124910,0.065224,0.000000,0.730821,0.540206,0.568801,0.411510,0.558790,0.573929,0.610414,0.697203,1.000000,0.583081,0.770080,0.477362,0.742874,0.601384,0.799945,0.700932
r,0.816682,1.000000,0.399435,0.907604,0.159467,0.714835,0.245668,0.524258,0.412004,0.389966,0.195286,0.546715,0.064334,0.313259,0.015702,0.163635,0.000000,0.032259,0.443550,0.530326,0.237100,0.280183,0.099398,0.128229,0.029787,0.000000,0.724264,0.545941,0.558492,0.414205,0.551360,0.575942,0.606212,0.699575,1.000000,0.587827,0.764808,0.486769,0.736133,0.612873,0.792004,0.713401
r,0.793659,1.000000,0.389122,0.902765,0.158298,0.705017,0.245388,0.517958,0.405225,0.385968,0.204719,0.535929,0.072103,0.302618,0.018515,0.153992,0.000000,0.023403,0.450962,0.522538,0.253827,0.274852,0.108941,0.126157,0.035627,0.000000,0.726112,0.539919,0.562742,0.413970,0.550399,0.574431,0.604256,0.693888,1.000000,0.583713,0.756668,0.481510,0.730893,0.606877,0.796141,0.705218
r,0.806258,1.000000,0.384295,0.905309,0.150009,0.707061,0.245303,0.518462,0.401113,0.383599,0.190911,0.530272,0.065707,0.301512,0.018876,0.151402,0.000000,0.019832,0.442758,0.516242,0.255072,0.277773,0.125652,0.129366,0.049690,0.000000,0.724956,0.537248,0.555210,0.408582,0.554278,0.570981,0.605561,0.692223,1.000000,0.584814,0.769330,0.485153,0.747065,0.610480,0.803516,0.711164
r,0.776817,1.000000,0.370499,0.898740,0.143290,0.705186,0.236709,0.519003,0.406918,0.387158,0.186824,0.546086,0.061487,0.312257,0.012679,0.161589,0.000000,0.029537,0.438511,0.531726,0.244980,0.282708,0.103554,0.128994,0.034377,0.000000,0.721534,0.547698,0.563725,0.422319,0.544672,0.577684,0.595992,0.698339,1.000000,0.588200,0.748828,0.483792,0.713166,0.603301,0.770218,0.702369
r,0.796238,1.000000,0.387361,0.899741,0.146667,0.705668,0.232967,0.519186,0.416885,0.384525,0.187806,0.539013,0.058794,0.310791,0.011585,0.160862,0.000000,0.030602,0.437140,0.524011,0.235282,0.275623,0.088640,0.125551,0.005681,0.000000,0.720247,0.540364,0.546941,0.411636,0.536214,0.572155,0.588805,0.693919,1.000000,0.582003,0.757963,0.478783,0.728605,0.603362,0.788921,0.704503
r,0.787338,1.000000,0.378291,0.901005,0.152762,0.704505,0.252708,0.516606,0.428032,0.382070,0.188045,0.542406,0.059589,0.305882,0.010476,0.153949,0.000000,0.022119,0.442915,0.528545,0.258485,0.278189,0.122750,0.126201,0.058998,0.000000,0.725220,0.546621,0.562772,0.413816,0.534777,0.570166,0.584986,0.690663,1.000000,0.590173,0.748747,0.485826,0.706304,0.609450,0.761228,0.709208
r,0.799906,1.000000,0.365522,0.896699,0.137739,0.701851,0.233992,0.515073,0.416274,0.380800,0.194454,0.536993,0.064221,0.305711,0.014395,0.155991,0.000000,0.025052,0.448726,0.523204,0.252164,0.278341,0.107835,0.125887,0.029119,0.000000,0.730705,0.540041,0.558974,0.416777,0.542115,0.572690,0.587088,0.693262,1.000000,0.580029,0.764026,0.472868,0.725961,0.596970,0.778942,0.701437
r,0.752584,1.000000,0.339523,0.898272,0.125533,0.689628,0.246779,0.495783,0.400736,0.351241,0.180348,0.533841,0.065677,0.300265,0.016627,0.148892,0.000000,0.016017,0.435571,0.520671,0.254643,0.278341,0.126018,0.128510,0.059897,0.000000,0.718268,0.538280,0.559752,0.402620,0.535244,0.564606,0.572348,0.690380,1.000000,0.580250,0.782932,0.459596,0.733451,0.582425,0.765729,0.688777
r,0.768642,1.000000,0.353021,0.897669,0.159498,0.692984,0.258828,0.508146,0.388925,0.378363,0.225782,0.525216,0.088188,0.291963,0.024612,0.138087,0.000000,0.005678,0.461305,0.512449,0.289309,0.279335,0.160138,0.126339,0.092139,0.000000,0.726147,0.531556,0.568802,0.431282,0.522364,0.578368,0.551184,0.699239,1.000000,0.577396,0.789582,0.473149,0.724244,0.588598,0.750527,0.693536
r,0.786685,1.000000,0.329376,0.865900,0.129313,0.657078,0.261083,0.458935,0.419101,0.301587,0.176718,0.534736,0.065010,0.319726,0.022340,0.169847,0.013663,0.035403,0.426385,0.514164,0.226429,0.274058,0.080677,0.127825,0.000000,0.000000,0.714223,0.527467,0.558363,0.369153,0.523024,0.524762,0.566352,0.652666,1.000000,0.558014,0.784823,0.427556,0.724882,0.548856,0.761449,0.662009
r,0.794408,1.000000,0.329163,0.869230,0.104505,0.655561,0.227906,0.452553,0.392594,0.295722,0.167316,0.527426,0.051289,0.312001,0.013337,0.163488,0.000000,0.031256,0.418801,0.509077,0.248680,0.270261,0.108102,0.125630,0.022568,0.000000,0.707703,0.523499,0.548395,0.374380,0.523556,0.527582,0.583127,0.654840,1.000000,0.556326,0.772089,0.431067,0.728247,0.549967,0.789955,0.660334
r,0.800618,1.000000,0.342296,0.867802,0.127755,0.651154,0.253445,0.447199,0.409807,0.288243,0.178074,0.528336,0.071218,0.314412,0.035210,0.168374,0.021684,0.037063,0.422394,0.507593,0.241070,0.269143,0.092113,0.124877,0.000000,0.000000,0.707690,0.521087,0.557392,0.372053,0.527946,0.524965,0.576828,0.652051,1.000000,0.552989,0.780977,0.431236,0.733143,0.550141,0.785667,0.658791
r,0.791110,1.000000,0.327775,0.872536,0.121219,0.650152,0.251671,0.440244,0.388249,0.294632,0.162464,0.508334,0.051975,0.288436,0.013521,0.139130,0.007228,0.004535,0.415681,0.491512,0.232518,0.268342,0.083447,0.126122,0.000000,0.000000,0.705287,0.509718,0.576777,0.362256,0.540648,0.518954,0.582509,0.649704,1.000000,0.549620,0.798971,0.431586,0.737275,0.549779,0.777277,0.657108
r,0.737662,1.000000,0.294353,0.860465,0.112819,0.640897,0.242984,0.443808,0.370666,0.295788,0.136824,0.487231,0.043251,0.272427,0.013142,0.127006,0.000000,0.000000,0.407821,0.484404,0.308362,0.280644,0.219736,0.229984,0.176793,0.190631,0.701562,0.512132,0.577433,0.375791,0.533724,0.518915,0.579551,0.634953,1.000000,0.561931,0.795412,0.445325,0.734910,0.557147,0.778841,0.653540
q,1.000000,0.337600,0.686957,0.598210,0.396025,0.706508,0.180095,0.711970,0.000000,0.695102,0.201999,0.258076,0.100707,0.644708,0.103030,0.877073,0.096346,1.000000,0.283762,0.120084,0.207915,0.562205,0.223355,0.754344,0.206906,0.852750,0.403436,0.036673,0.382245,0.482186,0.511719,0.555905,0.585950,0.531799,0.547147,0.000000,0.506353,0.327645,0.599372,0.411986,0.670637,0.397412
q,0.076069,1.000000,0.000000,0.694128,0.163575,0.455095,0.394634,0.405078,0.572304,0.460706,0.314090,0.296842,0.625864,0.111980,0.847835,0.039237,1.000000,0.000000,0.529867,0.404423,0.690253,0.385026,0.619550,0.458925,0.522854,0.514058,0.705740,0.548770,0.815420,0.521054,0.740824,0.583771,0.646294,0.641429,0.842610,0.685886,0.910251,0.651296,0.846064,0.704642,0.768005,0.760865
q,1.000000,1.000000,0.573517,0.922868,0.219490,0.721517,0.000000,0.529293,0.000144,0.342536,0.393275,0.465396,0.176255,0.280059,0.097833,0.360546,0.111903,0.493747,0.494592,0.369200,0.268415,0.141802,0.142139,0.229500,0.123983,0.382552,0.632032,0.284581,0.408259,0.024687,0.233024,0.085961,0.172765,0.225362,0.802719,0.227920,0.632926,0.000000,0.447344,0.005706,0.337174,0.104307
q,1.000000,1.000000,0.629903,0.966455,0.306752,0.825849,0.073580,0.699065,0.000000,0.553984,0.340110,0.507171,0.114881,0.314984,0.014594,0.441655,0.032405,0.606659,0.415097,0.398222,0.165155,0.146584,0.046172,0.299763,0.070833,0.490675,0.523982,0.306870,0.285415,0.023308,0.138658,0.160800,0.140813,0.343245,0.669091,0.241100,0.470380,0.000000,0.298386,0.051123,0.231614,0.180213
p,0.000000,0.903054,0.171374,0.732125,0.413186,0.550820,0.603415,0.454721,0.761597,0.338205,0.401164,0.161184,0.668231,0.146347,0.852272,0.069242,1.000000,0.000000,0.338845,0.250622,0.665722,0.486046,0.843824,0.638828,0.981374,0.735379,0.278032,0.440587,0.574023,0.779767,0.512069,0.888141,0.437065,0.900653,0.218643,0.680605,0.482963,0.912635,0.463541,0.990548,0.409963,1.000000
o,1.000000,1.000000,0.598583,0.885777,0.338780,0.714983,0.143218,0.586456,0.009385,0.435782,0.546824,0.361348,0.305458,0.184427,0.104369,0.237980,0.009866,0.338984,0.625027,0.290009,0.300772,0.058260,0.079431,0.171440,0.000000,0.323171,0.700775,0.248774,0.366173,0.000000,0.134833,0.122440,0.059287,0.289417,0.750836,0.255275,0.457673,0.038436,0.251418,0.095290,0.155325,0.226772
o,1.000000,1.000000,0.589305,0.871921,0.342756,0.684760,0.154172,0.558688,0.027463,0.410860,0.630296,0.287221,0.350433,0.152165,0.129127,0.221076,0.020821,0.339257,0.707379,0.230680,0.335870,0.043639,0.097227,0.158695,0.000000,0.310977,0.767889,0.212828,0.391835,0.000000,0.139976,0.119019,0.042271,0.277630,0.786820,0.249303,0.467018,0.041343,0.258518,0.097536,0.153668,0.221347
o,1.000000,1.000000,0.577681,0.861385,0.330562,0.678534,0.139529,0.554189,0.020987,0.403998,0.651708,0.245971,0.377135,0.106364,0.159851,0.178405,0.038151,0.299686,0.726179,0.201791,0.354393,0.010097,0.114112,0.124556,0.000000,0.280641,0.773207,0.204928,0.400374,0.000000,0.158097,0.126683,0.049275,0.290493,0.760192,0.267075,0.439293,0.081970,0.234950,0.142166,0.118105,0.259768
o,1.000000,1.000000,0.602848,0.864346,0.368230,0.675757,0.186311,0.550954,0.068216,0.395283,0.680549,0.221695,0.394070,0.107022,0.185758,0.169409,0.052619,0.280059,0.752529,0.186760,0.371866,0.015343,0.130325,0.119812,0.000000,0.269496,0.791852,0.193757,0.415649,0.000000,0.178228,0.127122,0.067483,0.288987,0.771042,0.255030,0.463755,0.077822,0.266756,0.128899,0.152643,0.235196
o,1.000000,1.000000,0.615822,0.885676,0.345445,0.685941,0.142386,0.570308,0.036142,0.414205,0.724738,0.226982,0.415445,0.094702,0.174477,0.176709,0.042291,0.306925,0.799850,0.191114,0.398668,0.019211,0.121060,0.147479,0.000000,0.318916,0.837734,0.201719,0.432685,0.000000,0.155400,0.135794,0.044188,0.302424,0.815104,0.272883,0.470980,0.080506,0.236567,0.143604,0.117445,0.262764
o,1.000000,1.000000,0.605072,0.903204,0.338768,0.709767,0.160229,0.587340,0.070824,0.448872,0.618656,0.321014,0.360831,0.178435,0.147585,0.275486,0.046203,0.423715,0.711821,0.260059,0.358199,0.080597,0.099369,0.227366,0.000000,0.419311,0.787052,0.248480,0.438707,0.000000,0.170139,0.142295,0.077174,0.331581,0.826554,0.294321,0.527485,0.067970,0.289437,0.126835,0.168426,0.263557
n,1.000000,0.458476,0.665498,0.382545,0.371521,0.341316,0.160777,0.445545,0.000000,0.567203,0.359265,0.000000,0.188875,0.366267,0.155197,0.607551,0.128441,0.780767,0.546848,0.044638,0.330607,0.509400,0.244018,0.787438,0.185016,1.000000,0.719334,0.180289,0.505528,0.604670,0.553571,0.627498,0.613558,0.570675,0.832739,0.352608,0.614188,0.680864,0.636934,0.683696,0.685680,0.580011
n,1.000000,0.505704,0.660338,0.429633,0.379141,0.384812,0.168866,0.473791,0.000000,0.573687,0.316029,0.000000,0.149002,0.402580,0.105205,0.664518,0.070441,0.850768,0.506498,0.053818,0.282798,0.533936,0.192668,0.798028,0.125645,1.000000,0.685552,0.199646,0.471839,0.638092,0.539157,0.632652,0.607769,0.548121,0.810310,0.381813,0.605067,0.722540,0.636990,0.726239,0.687834,0.624403
n,1.000000,0.496039,0.670531,0.454134,0.385425,0.409787,0.180081,0.479233,0.000000,0.556206,0.412779,0.000000,0.254506,0.362555,0.223661,0.612464,0.204659,0.791686,0.592452,0.044747,0.380697,0.508780,0.305146,0.786381,0.261886,1.000000,0.759201,0.184266,0.555856,0.582078,0.590183,0.578520,0.645110,0.507054,0.871112,0.357576,0.658808,0.674912,0.669925,0.670369,0.712349,0.561309
n,1.000000,0.503639,0.632599,0.429799,0.339953,0.374213,0.136320,0.436921,0.000000,0.542424,0.310010,0.000000,0.107482,0.374445,0.057088,0.631661,0.024524,0.815755,0.502593,0.054510,0.238271,0.527201,0.140702,0.792267,0.082973,1.000000,0.680071,0.205179,0.436613,0.617579,0.488275,0.603299,0.555118,0.523804,0.806269,0.389549,0.572291,0.724567,0.592333,0.736369,0.643486,0.651316
n,1.000000,0.609497,0.654559,0.524174,0.370336,0.446771,0.159284,0.522693,0.000000,0.632177,0.327349,0.000000,0.138625,0.415148,0.083423,0.697345,0.050193,0.908511,0.524188,0.051109,0.287144,0.539906,0.173667,0.800747,0.088587,1.000000,0.706701,0.206286,0.465139,0.671099,0.505056,0.693844,0.556781,0.630465,0.832158,0.411044,0.591356,0.759507,0.605262,0.763309,0.649660,0.653049
n,1.000000,0.596740,0.639264,0.497828,0.362029,0.404273,0.181810,0.463785,0.060510,0.585116,0.325609,0.000000,0.110175,0.390933,0.038886,0.666338,0.000000,0.864225,0.515518,0.056133,0.258396,0.548834,0.140485,0.806453,0.057911,1.000000,0.689092,0.216339,0.460289,0.656034,0.505817,0.637331,0.568226,0.544136,0.810814,0.416267,0.587582,0.757737,0.600976,0.744731,0.644686,0.631434
n,1.000000,0.669907,0.640131,0.521529,0.385832,0.402650,0.226624,0.392166,0.147999,0.451982,0.387017,0.000000,0.149025,0.384901,0.051424,0.656521,0.000000,0.844219,0.577599,0.094787,0.288993,0.562405,0.165621,0.813095,0.088308,1.000000,0.734859,0.277408,0.478372,0.709174,0.537036,0.703420,0.605805,0.620406,0.838917,0.490516,0.608629,0.813583,0.625751,0.807747,0.666076,0.714570
m,1.000000,0.000000,0.581528,0.202384,0.283590,0.412605,0.162393,0.612358,0.000000,0.715940,0.095385,0.180396,0.248975,0.572060,0.364038,0.796577,0.440112,0.949443,0.381272,0.106669,0.518218,0.565333,0.619800,0.820348,0.722533,1.000000,0.689088,0.079689,0.776083,0.535744,0.801069,0.780143,0.835879,0.942500,0.978451,0.090624,0.952705,0.443344,0.893549,0.648573,0.859225,0.793883
m,1.000000,0.000000,0.629969,0.218199,0.328969,0.437982,0.179211,0.624127,0.000000,0.720158,0.153231,0.182249,0.324600,0.575407,0.443390,0.794362,0.513748,0.940670,0.413173,0.114837,0.541192,0.559915,0.633967,0.815745,0.716187,1.000000,0.689511,0.104136,0.763939,0.545125,0.789905,0.799935,0.814335,0.973213,0.945912,0.134607,0.937883,0.490636,0.910892,0.707674,0.891906,0.864160
m,1.000000,0.000000,0.638096,0.214620,0.348838,0.440423,0.199763,0.623174,0.000000,0.686668,0.179103,0.195866,0.337247,0.570932,0.444532,0.785701,0.510500,0.929090,0.436282,0.125167,0.565862,0.564072,0.648121,0.817099,0.728442,1.000000,0.711696,0.106345,0.788169,0.541789,0.804331,0.788154,0.825824,0.957709,0.966612,0.121150,0.955968,0.467216,0.910265,0.668958,0.877461,0.817151
m,1.000000,0.000000,0.576770,0.176429,0.235752,0.405962,0.106714,0.628748,0.000000,0.765219,0.093154,0.203879,0.242850,0.587221,0.345486,0.797042,0.394705,0.945639,0.369112,0.145764,0.495076,0.571980,0.587404,0.816465,0.654196,1.000000,0.657405,0.137290,0.729625,0.553964,0.751459,0.791444,0.767144,0.959982,0.919520,0.166272,0.898073,0.505338,0.854637,0.707405,0.820177,0.857611
m,1.000000,0.000000,0.597262,0.211349,0.276193,0.438543,0.130759,0.638533,0.000000,0.736350,0.126541,0.203658,0.248258,0.584834,0.323032,0.807324,0.359365,0.961627,0.389281,0.141770,0.467202,0.571647,0.522364,0.820036,0.564849,1.000000,0.660035,0.134926,0.688570,0.549385,0.673830,0.795637,0.669847,0.968551,0.918791,0.163801,0.891800,0.503149,0.825850,0.690679,0.769869,0.830661
l,1.000000,0.988992,0.720444,1.000000,0.412415,0.899563,0.175576,0.880461,0.000000,0.906097,0.525005,0.540699,0.427452,0.280110,0.372719,0.128212,0.328452,0.000000,0.666416,0.487855,0.594520,0.346167,0.654776,0.541633,0.725523,0.703108,0.813669,0.456418,0.737136,0.326621,0.765284,0.507526,0.813686,0.661779,0.967302,0.442584,0.899977,0.279426,0.864580,0.366131,0.860025,0.483195
k,0.615774,1.000000,0.832655,0.739910,0.902772,0.465345,0.789625,0.269404,0.570887,0.186021,1.000000,0.285484,0.586620,0.000000,0.334628,0.036505,0.241010,0.134469,0.832537,0.253704,0.380060,0.102701,0.243024,0.231390,0.266673,0.355098,0.608890,0.278141,0.180714,0.198629,0.124307,0.352506,0.206301,0.474492,0.347666,0.329177,0.009707,0.345297,0.000000,0.480703,0.092706,0.568083
j,0.968564,1.000000,1.000000,0.653358,0.913708,0.265222,0.777804,0.000000,0.620761,0.013882,0.830963,0.185688,0.463548,0.149959,0.521061,0.271313,0.612693,0.298211,0.746676,0.375954,0.378000,0.334119,0.430515,0.445425,0.517962,0.468650,0.640155,0.581556,0.298074,0.495715,0.333563,0.597298,0.425923,0.637481,0.520328,0.782758,0.262041,0.600917,0.109522,0.509552,0.000000,0.416516
j,0.964446,1.000000,1.000000,0.660139,0.898862,0.263731,0.743235,0.000000,0.586408,0.029078,0.808380,0.179309,0.452824,0.154968,0.529456,0.277136,0.624162,0.299001,0.734336,0.365421,0.374784,0.326345,0.442514,0.437350,0.520950,0.459232,0.632118,0.567304,0.291020,0.482194,0.349758,0.586988,0.441854,0.635533,0.516971,0.766576,0.249990,0.577362,0.110899,0.481846,0.000000,0.380348
j,0.975143,1.000000,1.000000,0.655216,0.903706,0.258411,0.741734,0.000000,0.568276,0.028180,0.828322,0.166419,0.448721,0.145111,0.507336,0.272860,0.596894,0.288898,0.742531,0.359768,0.371660,0.307246,0.420745,0.428204,0.501065,0.459719,0.633362,0.563126,0.290775,0.465774,0.325326,0.574436,0.414269,0.627356,0.508973,0.762268,0.243538,0.568107,0.098814,0.476211,0.000000,0.383362
j,0.971419,1.000000,1.000000,0.660499,0.910491,0.264582,0.755808,0.000000,0.583441,0.027511,0.835365,0.182076,0.452035,0.147963,0.503495,0.272124,0.590517,0.292651,0.750909,0.366049,0.374512,0.305188,0.418671,0.423149,0.498285,0.456023,0.641971,0.564711,0.290767,0.460722,0.320857,0.563443,0.406209,0.615485,0.514264,0.760908,0.247028,0.564374,0.102207,0.468420,0.000000,0.373659
j,0.963571,1.000000,1.000000,0.659634,0.910299,0.267524,0.755385,0.000000,0.583299,0.038009,0.834408,0.210814,0.454669,0.165614,0.506825,0.297068,0.589942,0.318839,0.750093,0.386338,0.371495,0.325882,0.421595,0.444365,0.500372,0.470856,0.642202,0.577278,0.289103,0.478410,0.323576,0.579435,0.409719,0.628327,0.517122,0.766237,0.253281,0.573539,0.106541,0.483739,0.000000,0.396681
j,0.958798,1.000000,1.000000,0.656719,0.907209,0.250904,0.731295,0.000000,0.563462,0.044673,0.832636,0.174649,0.473065,0.135557,0.536392,0.265677,0.626562,0.293701,0.747911,0.353337,0.385448,0.292955,0.441957,0.414476,0.519803,0.446231,0.640082,0.545435,0.295293,0.444335,0.344451,0.555696,0.433731,0.609580,0.517870,0.738074,0.247416,0.543846,0.107876,0.461494,0.000000,0.370889
j,0.957707,1.000000,1.000000,0.665748,0.902078,0.266020,0.738799,0.000000,0.563722,0.019784,0.833711,0.187418,0.462278,0.143587,0.512589,0.268828,0.596572,0.292274,0.747860,0.369437,0.380493,0.303925,0.428576,0.425626,0.505234,0.456958,0.640689,0.563924,0.299697,0.462759,0.338683,0.569766,0.427127,0.620668,0.516648,0.757583,0.249512,0.562573,0.102464,0.472231,0.000000,0.382938
j,0.968549,1.000000,1.000000,0.652183,0.913222,0.259214,0.752176,0.000000,0.589903,0.002099,0.840591,0.192737,0.466893,0.147505,0.524724,0.282603,0.618654,0.309906,0.750843,0.367403,0.375351,0.307883,0.424219,0.431569,0.508270,0.461405,0.641971,0.556989,0.287103,0.460601,0.329944,0.572453,0.424769,0.617121,0.524373,0.743969,0.249022,0.563158,0.103300,0.472627,0.000000,0.372832
j,0.960675,1.000000,1.000000,0.670787,0.937812,0.284080,0.813376,0.009191,0.657872,0.000000,0.826455,0.219125,0.450737,0.170934,0.509460,0.298963,0.599723,0.329323,0.736289,0.416134,0.369500,0.355471,0.429726,0.451020,0.518566,0.480725,0.628666,0.615346,0.293311,0.521844,0.339920,0.607706,0.429192,0.644927,0.509508,0.800952,0.240764,0.613740,0.104859,0.522354,0.000000,0.439172
i,0.434588,1.000000,0.236522,0.779903,0.221136,0.563627,0.439255,0.407550,0.660973,0.359374,0.000000,0.420194,0.394933,0.247788,0.498128,0.360815,0.446724,0.450802,0.229351,0.433436,0.593976,0.244946,0.662396,0.359236,0.594031,0.453830,0.509318,0.467133,0.799303,0.286316,0.860925,0.387312,0.797757,0.472099,0.812352,0.517195,0.877571,0.258416,0.945287,0.118851,1.000000,0.000000
i,0.424879,1.000000,0.180449,0.754837,0.148312,0.522965,0.359804,0.359025,0.598580,0.326333,0.000000,0.401649,0.375963,0.209609,0.466766,0.319127,0.419738,0.407205,0.252845,0.418824,0.586690,0.198784,0.664679,0.309568,0.620075,0.410148,0.549369,0.464232,0.803283,0.241574,0.879238,0.322998,0.843461,0.401617,0.861132,0.532818,0.904703,0.264327,0.957195,0.123337,1.000000,0.000000
i,0.471648,1.000000,0.214324,0.785140,0.147525,0.568654,0.340108,0.409076,0.584746,0.372761,0.000000,0.449169,0.352011,0.265736,0.453812,0.357258,0.416742,0.444141,0.243264,0.449586,0.556814,0.251789,0.639240,0.348973,0.589136,0.440064,0.530340,0.471840,0.763461,0.277627,0.838972,0.369592,0.793650,0.451806,0.840294,0.514175,0.884298,0.258351,0.948491,0.120463,1.000000,0.000000
i,0.428763,1.000000,0.174072,0.775898,0.113906,0.551977,0.326400,0.388880,0.573071,0.356839,0.000000,0.448867,0.335874,0.234833,0.449415,0.331205,0.414946,0.425729,0.255278,0.451171,0.529655,0.207998,0.629306,0.315360,0.596577,0.427076,0.552223,0.485254,0.757250,0.240736,0.852942,0.328143,0.834006,0.420415,0.857565,0.544815,0.896537,0.272573,0.954547,0.124293,1.000000,0.000000
g,0.732783,1.000000,0.930459,0.802005,1.000000,0.521906,0.855915,0.301798,0.682830,0.199217,0.774756,0.553907,0.560809,0.183769,0.480828,0.068559,0.440787,0.042090,0.524023,0.627021,0.317522,0.205111,0.268213,0.052442,0.248109,0.000000,0.320435,0.688479,0.157925,0.304688,0.156221,0.154276,0.181544,0.089407,0.167758,0.745661,0.004023,0.466192,0.000000,0.326849,0.039379,0.251802
g,0.000000,0.778600,0.155880,0.346286,0.353735,0.149283,0.515710,0.194700,0.622603,0.361431,0.457321,0.000000,0.742069,0.083302,0.889941,0.164801,1.000000,0.198369,0.488312,0.274699,0.680567,0.497017,0.608317,0.574181,0.520831,0.529429,0.499531,0.595611,0.647971,0.755566,0.574347,0.807068,0.492475,0.768483,0.491429,0.891898,0.610968,0.960158,0.542392,1.000000,0.465228,0.987996
g,0.000000,0.794282,0.148050,0.360030,0.350433,0.168187,0.510903,0.249643,0.612061,0.446824,0.452316,0.000000,0.733038,0.057963,0.884605,0.127531,1.000000,0.165211,0.478976,0.289525,0.675494,0.496569,0.603203,0.585453,0.518679,0.559578,0.487805,0.614455,0.646617,0.748250,0.573835,0.807552,0.491512,0.776072,0.477813,0.913481,0.615821,0.964364,0.549014,1.000000,0.469962,0.984343
g,0.000000,0.791821,0.144714,0.380069,0.346148,0.184332,0.511380,0.248909,0.619500,0.417302,0.448726,0.000000,0.729997,0.062116,0.886384,0.128256,1.000000,0.161863,0.470777,0.278288,0.681975,0.480406,0.611315,0.572663,0.521299,0.537328,0.477951,0.605201,0.655594,0.742377,0.582359,0.807809,0.497497,0.779886,0.467831,0.912773,0.607531,0.958959,0.539729,1.000000,0.463498,0.994898
g,0.000000,0.785420,0.144333,0.350432,0.341480,0.157658,0.509937,0.214317,0.621587,0.377623,0.440131,0.000000,0.722960,0.098007,0.879258,0.160629,1.000000,0.183803,0.465733,0.295394,0.660860,0.499499,0.588704,0.582359,0.502040,0.558631,0.471560,0.635349,0.635860,0.754762,0.563093,0.807379,0.480603,0.782605,0.460217,0.954428,0.601022,0.973189,0.536899,1.000000,0.460505,0.994577
g,0.000000,0.790645,0.144853,0.353565,0.348642,0.147500,0.515894,0.197080,0.630417,0.359125,0.445995,0.000000,0.724030,0.076173,0.879361,0.140157,1.000000,0.174984,0.469994,0.304691,0.672415,0.475802,0.598087,0.546742,0.503949,0.526810,0.476443,0.644684,0.645533,0.739888,0.573244,0.790378,0.487630,0.773568,0.463688,0.959049,0.608963,0.965333,0.544870,0.996607,0.467972,1.000000
g,0.000000,0.793152,0.145702,0.345917,0.352508,0.153595,0.528329,0.222957,0.648461,0.384888,0.440087,0.000000,0.723681,0.080070,0.878898,0.141693,1.000000,0.168127,0.465582,0.308097,0.670708,0.484060,0.595398,0.567813,0.506483,0.549412,0.473166,0.649950,0.641494,0.742714,0.567588,0.804327,0.484366,0.787267,0.462523,0.967360,0.605453,0.968749,0.537478,1.000000,0.460908,0.999488
g,0.000000,0.796793,0.129763,0.362493,0.340648,0.145645,0.525227,0.199467,0.652682,0.351433,0.443275,0.000000,0.730655,0.070831,0.884075,0.120028,1.000000,0.126227,0.480175,0.305941,0.685084,0.452630,0.606540,0.540289,0.515760,0.518250,0.496890,0.644346,0.662409,0.716215,0.585284,0.777703,0.504318,0.762187,0.494046,0.959106,0.636537,0.938613,0.564414,0.984123,0.486889,1.000000
f,1.000000,0.982686,0.638636,1.000000,0.329407,0.867339,0.196282,0.676109,0.264380,0.513603,0.386352,0.681018,0.200692,0.496152,0.095073,0.389474,0.043293,0.303085,0.494749,0.588717,0.272123,0.338873,0.117053,0.175230,0.000000,0.038602,0.633292,0.533069,0.404158,0.290641,0.247736,0.131860,0.132583,0.000000,0.812943,0.493700,0.633290,0.306287,0.523089,0.178288,0.431870,0.063776
f,1.000000,0.964032,0.640977,1.000000,0.311606,0.871773,0.177137,0.673808,0.250898,0.509326,0.405860,0.687419,0.233406,0.532323,0.223037,0.546607,0.246945,0.578512,0.504273,0.582792,0.282205,0.333791,0.122342,0.183416,0.000000,0.054623,0.639231,0.524999,0.412842,0.285127,0.240445,0.131985,0.113487,0.000000,0.819288,0.486173,0.639055,0.299836,0.521715,0.175827,0.421873,0.061243
f,1.000000,0.948022,0.660227,1.000000,0.319323,0.869170,0.165199,0.665324,0.302249,0.511432,0.427593,0.688640,0.235335,0.537414,0.185016,0.509635,0.174032,0.495625,0.548048,0.583577,0.315511,0.355503,0.140450,0.203434,0.000000,0.068975,0.690729,0.527102,0.456232,0.284355,0.278277,0.133429,0.138295,0.000000,0.870873,0.486439,0.692914,0.305928,0.577964,0.178571,0.474763,0.062819
f,1.000000,1.000000,0.565058,0.968165,0.224902,0.805394,0.094826,0.603206,0.183267,0.448519,0.364120,0.646892,0.177455,0.481266,0.062379,0.411137,0.000000,0.356295,0.479722,0.566812,0.284982,0.326703,0.137326,0.172658,0.019269,0.034794,0.633174,0.519253,0.439461,0.288374,0.310476,0.134088,0.213077,0.000000,0.824380,0.490501,0.673837,0.306661,0.579876,0.183167,0.496070,0.068601
f,1.000000,1.000000,0.543859,0.973678,0.173788,0.803965,0.031231,0.591553,0.164840,0.446406,0.342553,0.642849,0.153548,0.470807,0.055150,0.425382,0.011095,0.400049,0.466619,0.566653,0.269347,0.318447,0.119818,0.170984,0.000000,0.039923,0.630696,0.519328,0.432229,0.282434,0.291294,0.129083,0.183031,0.000000,0.835097,0.488828,0.678142,0.300526,0.579945,0.176791,0.494603,0.065353
f,1.000000,1.000000,0.546201,0.968633,0.169679,0.797361,0.018485,0.598177,0.129351,0.460483,0.360211,0.634393,0.184942,0.489791,0.117378,0.452885,0.103945,0.427098,0.470213,0.552959,0.268404,0.320121,0.114375,0.171400,0.000000,0.035989,0.619622,0.503894,0.416310,0.276126,0.285453,0.127440,0.187023,0.000000,0.805702,0.475087,0.643807,0.287127,0.541293,0.167247,0.450625,0.058063
f,1.000000,1.000000,0.526994,0.951690,0.168315,0.784013,0.012032,0.582848,0.051024,0.431959,0.345610,0.608254,0.173624,0.419679,0.070687,0.333186,0.014870,0.256615,0.466411,0.540758,0.260227,0.302930,0.115322,0.155853,0.000000,0.020655,0.622929,0.502144,0.416165,0.272332,0.279302,0.126027,0.170936,0.000000,0.824810,0.479029,0.669879,0.292743,0.566096,0.171762,0.472772,0.058788
f,1.000000,1.000000,0.546432,0.956588,0.181620,0.785137,0.030549,0.573369,0.110869,0.428437,0.321785,0.614994,0.150397,0.432079,0.057234,0.324827,0.000000,0.221571,0.448505,0.541750,0.261363,0.310715,0.140085,0.162824,0.036168,0.023304,0.600282,0.497771,0.411420,0.276830,0.291402,0.129875,0.198404,0.000000,0.788356,0.466402,0.635165,0.291724,0.537434,0.171974,0.451702,0.059638
f,1.000000,1.000000,0.550316,0.976626,0.208199,0.815006,0.078421,0.607579,0.148747,0.437201,0.279900,0.614613,0.106306,0.429053,0.039404,0.354350,0.000000,0.275427,0.405732,0.538751,0.235378,0.284136,0.136631,0.139631,0.064814,0.012398,0.566139,0.492219,0.400050,0.258322,0.296557,0.117528,0.211370,0.000000,0.765286,0.461992,0.619712,0.274436,0.524539,0.157953,0.443121,0.054765
e,0.912376,1.000000,0.484551,0.906270,0.106754,0.702005,0.000000,0.473144,0.309107,0.433976,0.264564,0.386200,0.101365,0.106320,0.131485,0.307851,0.225676,0.429569,0.488179,0.338857,0.357854,0.023130,0.357230,0.266085,0.434007,0.398049,0.734341,0.322640,0.627856,0.000000,0.575420,0.227341,0.629251,0.389738,1.000000,0.343754,0.891105,0.087411,0.783625,0.214108,0.794150,0.361293
d,1.000000,1.000000,0.593327,0.900882,0.376664,0.743276,0.201301,0.630029,0.041114,0.530700,0.740434,0.411901,0.524622,0.221919,0.421185,0.099021,0.342807,0.000000,0.801441,0.414594,0.314873,0.289357,0.096879,0.399023,0.000000,0.496416,0.811526,0.451947,0.322499,0.335767,0.119847,0.448257,0.040254,0.553454,0.763282,0.520340,0.363856,0.439784,0.139269,0.476890,0.005324,0.533091
d,1.000000,1.000000,0.577499,0.911017,0.359674,0.777174,0.170866,0.678230,0.015725,0.575647,0.717579,0.448624,0.533103,0.252592,0.468308,0.114011,0.416854,0.000000,0.795804,0.449786,0.305930,0.330487,0.087195,0.430642,0.000000,0.522697,0.812248,0.487793,0.320091,0.377922,0.108416,0.482997,0.028146,0.586983,0.758116,0.556601,0.365710,0.471360,0.163077,0.505943,0.048635,0.566843
d,1.000000,1.000000,0.592422,0.932464,0.373580,0.786772,0.181095,0.689887,0.000000,0.606259,0.776191,0.464599,0.610673,0.253433,0.547466,0.111370,0.501454,0.000000,0.864590,0.462033,0.396299,0.339445,0.141892,0.425448,0.014626,0.508287,0.881297,0.502201,0.376146,0.394201,0.136408,0.491701,0.030460,0.590264,0.820373,0.573407,0.401116,0.493478,0.156921,0.526755,0.009904,0.588305
c,1.000000,0.990520,0.684634,1.000000,0.376465,0.876694,0.178828,0.763690,0.051365,0.616252,0.363834,0.451554,0.197467,0.231043,0.075424,0.227690,0.000000,0.290159,0.441319,0.354434,0.239633,0.077908,0.109736,0.111636,0.050688,0.240642,0.542876,0.282595,0.337598,0.000000,0.182525,0.046182,0.105498,0.177805,0.669502,0.240164,0.459495,0.044170,0.312151,0.061126,0.223728,0.146849
c,1.000000,0.987611,0.677031,1.000000,0.370433,0.887542,0.168519,0.775612,0.031390,0.640966,0.356971,0.456763,0.190951,0.202845,0.068519,0.209507,0.000000,0.281697,0.435109,0.366415,0.228681,0.069834,0.095703,0.127379,0.045663,0.269617,0.538630,0.301138,0.325384,0.000000,0.172582,0.072368,0.109892,0.220481,0.669325,0.262907,0.458204,0.053453,0.326692,0.092766,0.264250,0.201449
c,1.000000,0.994718,0.675393,1.000000,0.366963,0.876613,0.168367,0.762446,0.031029,0.629443,0.364531,0.470891,0.198639,0.247219,0.072179,0.257091,0.000000,0.325870,0.437781,0.370031,0.237025,0.080687,0.097863,0.136417,0.039037,0.279247,0.534474,0.294339,0.327670,0.000000,0.164686,0.065468,0.087782,0.207530,0.657181,0.244771,0.445758,0.039996,0.294115,0.066107,0.203713,0.159193
c,1.000000,0.997006,0.678023,1.000000,0.368874,0.882943,0.164158,0.771944,0.035002,0.621520,0.367470,0.454498,0.198914,0.210174,0.071455,0.223784,0.000000,0.296144,0.445315,0.365370,0.237972,0.070135,0.092967,0.127872,0.032924,0.265780,0.548726,0.299780,0.338325,0.000000,0.174742,0.074498,0.103715,0.221845,0.676429,0.258266,0.461342,0.049703,0.317842,0.093075,0.244985,0.202066
c,1.000000,0.990125,0.679791,1.000000,0.366600,0.870805,0.165008,0.753249,0.039492,0.589132,0.371112,0.444085,0.204372,0.202617,0.073252,0.225470,0.000000,0.309668,0.448518,0.355630,0.244484,0.053994,0.093672,0.120021,0.028581,0.270458,0.550166,0.291158,0.339596,0.000000,0.172653,0.077673,0.094932,0.227876,0.675706,0.253233,0.465774,0.041640,0.310549,0.074179,0.218532,0.174981
c,1.000000,0.988868,0.667192,1.000000,0.346580,0.867803,0.132587,0.745188,0.000000,0.589894,0.340719,0.466380,0.175456,0.248089,0.064592,0.292156,0.018944,0.386551,0.418727,0.354763,0.224658,0.065697,0.081033,0.126451,0.025750,0.262989,0.531416,0.277546,0.336283,0.000000,0.176235,0.077669,0.104972,0.223085,0.678787,0.234728,0.484011,0.028831,0.324628,0.063174,0.231871,0.169136
c,1.000000,1.000000,0.651931,0.974573,0.341079,0.839109,0.140819,0.728445,0.000000,0.600269,0.388231,0.422640,0.211423,0.143287,0.086190,0.225896,0.039396,0.348223,0.474770,0.341709,0.258538,0.032844,0.110892,0.151708,0.071658,0.312548,0.583298,0.288769,0.380906,0.000000,0.217950,0.110547,0.152093,0.264876,0.724935,0.265958,0.541770,0.043580,0.373934,0.060400,0.263834,0.136484
b,1.000000,1.000000,0.676527,0.980272,0.366968,0.802300,0.311235,0.581625,0.409923,0.418548,0.335268,0.576631,0.165571,0.381084,0.076442,0.262858,0.000000,0.156702,0.474936,0.512112,0.312468,0.263491,0.211138,0.127054,0.116594,0.000000,0.631435,0.483302,0.487436,0.313206,0.384559,0.313352,0.297123,0.296178,0.808900,0.479499,0.678534,0.436961,0.687332,0.581128,0.730926,0.694009
b,1.000000,1.000000,0.717553,0.957210,0.460429,0.784530,0.489464,0.583365,0.600431,0.441506,0.288170,0.606976,0.133671,0.386182,0.062815,0.240846,0.000000,0.122389,0.441534,0.539359,0.268450,0.289830,0.178491,0.128499,0.101833,0.000000,0.624756,0.523861,0.451138,0.280083,0.327300,0.143848,0.216946,0.018904,0.837598,0.544787,0.691950,0.456925,0.691046,0.555347,0.721868,0.644690
b,1.000000,1.000000,0.712139,0.957998,0.458150,0.789816,0.482333,0.591384,0.593183,0.450607,0.289310,0.604527,0.130377,0.385084,0.061714,0.240422,0.000000,0.121549,0.449216,0.536531,0.271255,0.285446,0.176584,0.127609,0.093500,0.000000,0.635298,0.517869,0.463815,0.271935,0.335337,0.138254,0.223284,0.017633,0.847142,0.537706,0.698375,0.431423,0.697535,0.521573,0.730869,0.608873
b,1.000000,1.000000,0.707449,0.952743,0.457474,0.791330,0.490925,0.588089,0.626056,0.453979,0.293300,0.609700,0.131926,0.385946,0.061211,0.244331,0.000000,0.128096,0.448199,0.543229,0.272853,0.287736,0.184284,0.129614,0.107856,0.000000,0.633534,0.525404,0.463314,0.283336,0.338247,0.151489,0.228375,0.027329,0.853622,0.547863,0.698703,0.439219,0.686777,0.536548,0.719160,0.632301
b,1.000000,1.000000,0.716053,0.948339,0.464961,0.776641,0.501337,0.579366,0.627962,0.438394,0.288419,0.599993,0.130400,0.382720,0.061311,0.243098,0.000000,0.126825,0.444099,0.529047,0.271733,0.279719,0.182366,0.125527,0.106167,0.000000,0.628475,0.506980,0.461863,0.268884,0.334617,0.141519,0.227118,0.021062,0.839608,0.522547,0.682135,0.424405,0.699593,0.525619,0.762091,0.614820
b,1.000000,1.000000,0.692787,0.946100,0.463670,0.802162,0.488972,0.600154,0.635575,0.471181,0.276556,0.586422,0.124082,0.361094,0.059929,0.222364,0.000000,0.109803,0.442104,0.523339,0.273973,0.277350,0.185139,0.125625,0.102302,0.000000,0.634228,0.511427,0.496247,0.283333,0.378055,0.159193,0.273995,0.046058,0.858710,0.545091,0.706697,0.447024,0.687356,0.537474,0.712233,0.630235
b,1.000000,1.000000,0.726272,0.939740,0.492374,0.800603,0.508107,0.614272,0.640885,0.484252,0.300809,0.605189,0.148558,0.375178,0.069407,0.232015,0.000000,0.114660,0.475908,0.538955,0.304464,0.285840,0.205509,0.130023,0.110911,0.000000,0.676451,0.531129,0.508836,0.303346,0.362382,0.170239,0.242235,0.044500,0.912381,0.570808,0.763822,0.482945,0.737725,0.554241,0.760011,0.625577
b,1.000000,1.000000,0.717921,0.953180,0.488832,0.804129,0.529548,0.611919,0.652223,0.477315,0.295253,0.605942,0.145436,0.383416,0.068973,0.238828,0.000000,0.121376,0.479946,0.543487,0.311143,0.293859,0.206183,0.137272,0.109154,0.000000,0.689062,0.539505,0.506081,0.317445,0.339067,0.186976,0.209379,0.058785,0.928980,0.579986,0.789059,0.505762,0.750451,0.587296,0.760875,0.659340
b,1.000000,1.000000,0.715849,0.951718,0.480296,0.795114,0.526306,0.599003,0.661874,0.464802,0.305676,0.601661,0.154145,0.374979,0.071462,0.223837,0.000000,0.105819,0.481311,0.542684,0.322715,0.293548,0.224285,0.130682,0.140255,0.000000,0.686333,0.541371,0.538828,0.310141,0.410397,0.182638,0.306677,0.068597,0.924846,0.578127,0.798235,0.499636,0.721606,0.555026,0.670385,0.609348
b,1.000000,1.000000,0.733950,0.972210,0.482249,0.794966,0.510721,0.595119,0.634079,0.463627,0.332819,0.596887,0.167489,0.370787,0.082614,0.221025,0.000000,0.100503,0.492305,0.531597,0.315617,0.288599,0.205847,0.130024,0.107822,0.000000,0.680044,0.518197,0.522931,0.288689,0.396714,0.149704,0.293913,0.018112,0.894581,0.551532,0.747211,0.478015,0.726864,0.589381,0.754787,0.689840
a,1.000000,0.872677,0.696626,1.000000,0.376984,0.950537,0.163052,0.830424,0.000000,0.764194,0.380084,0.570046,0.237683,0.359049,0.345068,0.484037,0.441853,0.610136,0.502871,0.405256,0.387235,0.220553,0.517580,0.419788,0.604153,0.555517,0.641601,0.273321,0.540387,0.115829,0.659306,0.322616,0.731409,0.454611,0.800512,0.171358,0.698448,0.000000,0.769074,0.162905,0.823440,0.281266
a,1.000000,0.873900,0.713623,1.000000,0.393448,0.934426,0.170820,0.804261,0.000000,0.744592,0.396952,0.551481,0.262167,0.345608,0.382164,0.510905,0.466653,0.635631,0.520443,0.396133,0.405903,0.217571,0.554159,0.447799,0.627888,0.555763,0.658920,0.273718,0.557132,0.106000,0.692718,0.338993,0.769915,0.458840,0.814176,0.179553,0.716371,0.000000,0.786007,0.179510,0.839935,0.299757
a,1.000000,0.866624,0.705704,1.000000,0.394140,0.868514,0.166783,0.713840,0.000000,0.708388,0.435604,0.519961,0.338039,0.329994,0.468516,0.538459,0.522763,0.644211,0.581530,0.377322,0.512992,0.230372,0.648140,0.509789,0.681907,0.580844,0.724066,0.268508,0.666766,0.137663,0.781901,0.419232,0.822244,0.499494,0.866386,0.172499,0.791111,0.000000,0.836757,0.126577,0.870808,0.141913
